{
  "timestamp": "2025-08-26T18:04:32.992815",
  "user_question": "What is the 2003rd term of the sequence of odd numbers 1, 3, 5, 7, $\\dots$?",
  "system_prompt": "The following are questions about mathematics. Think step by step and provide your answer in the format '\\boxed{}' with inside your final answer.",
  "total_branches": 4,
  "branches": [
    {
      "branch_id": 0,
      "step_count": 4,
      "score": 0.0004567745365673983,
      "uncertainty": 0.609375,
      "value": 0.10825556516647339,
      "total_tokens": 237,
      "extracted_answer": "4005"
    },
    {
      "branch_id": 1,
      "step_count": 6,
      "score": 2.233682976696011e-06,
      "uncertainty": 0.63671875,
      "value": 0.0007460501142164677,
      "total_tokens": 334,
      "extracted_answer": "2003"
    },
    {
      "branch_id": 2,
      "step_count": 6,
      "score": 1.866728187183836e-06,
      "uncertainty": 0.6328125,
      "value": 0.0006272206708937689,
      "total_tokens": 336,
      "extracted_answer": "2003"
    },
    {
      "branch_id": 3,
      "step_count": 5,
      "score": 1.8856461326956503e-07,
      "uncertainty": 0.88671875,
      "value": 0.00012105848171906075,
      "total_tokens": 642,
      "extracted_answer": "2003"
    }
  ],
  "correct_answer": "4005",
  "all_answers": [
    "4005",
    "2003",
    "2003",
    "2003"
  ],
  "hard_label": 1,
  "soft_label": 0.25,
  "correct_count": 1,
  "total_answers": 4,
  "best_of_n": "4005"
}